Workbook

Sheet problem statement_1
A1: Analysis of Monthly Revenue by Region
A3: Row Labels | B3: Sum of Transaction Amount
A4: October-2024 | B4: 1
A5: Agra | B5: 0.0058081496
A6: Aligarh | B6: 0.019057991
A7: Allahabad | B7: 0.015064888
A8: Alwar | B8: 0.0063526636
A9: Amritsar | B9: 0.0081677103
A10: Ankleshwar | B10: 0.0045376168
A11: Auraiya | B11: 0.0038115981
A12: Baharaich | B12: 0.0049006262
A13: Banda | B13: 0.017605953
A14: Bangalore | B14: 0.10781378
A15: Bhilai | B15: 0.0027225701
... A58: Grand Total | B58: 1

Sheet problem_statement_2.2
A1: Analysis of Returned Parcels by Parcel Type
A3: Count of Status | B3: Column Labels
A4: Row Labels | B4: Delivered | C4: Returned | D4: Grand Total
A5: Cake Topper | B5: 1 | C5: 0 | D5: 1
A6: Clothes | B6: 1 | C6: 0 | D6: 1
A7: Contact Lenses | B7: 1 | C7: 0 | D7: 1
A8: Cup | B8: 1 | C8: 0 | D8: 1
A9: Curtains | B9: 1 | C9: 0 | D9: 1
A10: Documents | B10: 1 | C10: 0 | D10: 1
A11: Earphones | B11: 1 | C11: 0 | D11: 1
A12: Eatables | B12: 1 | C12: 0 | D12: 1
A13: Empty Box | B13: 1 | C13: 0 | D13: 1
A14: Gift | B14: 1 | C14: 0 | D14: 1
A15: Hair Kit | B15: 1 | C15: 0 | D15: 1
A16: Jadi Booti | B16: 1 | C16: 0 | D16: 1
... A23: Grand Total | B23: 0.99111111 | C23: 0.0088888889 | D23: 1

Sheet problem_statement_2.0
A1: Analysis of Returned Parcels
A3: Returned Parcels | B3: =COUNTIF(original_data!E1:E226, "Returned") -> 2
A4: Delivered Parcels | B4: =B5-B3 -> 223
A5: Total Transactions | B5: 225
A6: Return Rate | B6: =B3/B5 -> 0.0088888889

Sheet high_demand_regions
A1: Row Labels | B1: Count of Tracking Number | D1: Row Labels | E1: Sum of No. of parcels sent
A2: Agra | B2: 2 | D2: Bihar | E2: 2
A3: Aligarh | B3: 1 | D3: Chhattisgarh | E3: 2
A4: Allahabad | B4: 4 | D4: Delhi (UT) | E4: 30
A5: Alwar | B5: 1 | D5: Gujarat | E5: 3
A6: Amritsar | B6: 1 | D6: Haryana | E6: 8
A7: Ankleshwar | B7: 1 | D7: Jharkhand | E7: 1
A8: Auraiya | B8: 1 | D8: Karnataka | E8: 28
A9: Baharaich | B9: 1 | D9: Madhya Pradesh | E9: 3
A10: Banda | B10: 1 | D10: Maharashtra | E10: 16
A11: Bangalore | B11: 27 | D11: Odisha | E11: 1
A12: Bhilai | B12: 1 | D12: Punjab | E12: 4
A13: Bhopal | B13: 1 | D13: Rajasthan | E13: 3
... A19: Delhi | B19: 30 | D19: Grand Total | E19: 228
A20: Erode | B20: 1
A21: Faridabad | B21: 1
A22: Forbesganj | B22: 1
A23: Ghaziabad | B23: 7
A24: Gorakhpur | B24: 1
A25: Gurgaon | B25: 6
A26: Hardoi | B26: 1
A27: Hyderabad | B27: 5
A28: Indore | B28: 1
A29: Jabalpur | B29: 1
A30: Jalandhar | B30: 1
A31: Jhajjar | B31: 1
... A55: Grand Total | B55: 225

Sheet heatmap
A1: Receiver's Location | B1: No. of Parcels
A2: Bihar | B2: 2
A3: Chhattisgarh | B3: 2
A4: Delhi (UT) | B4: 30
A5: Gujarat | B5: 3
A6: Haryana | B6: 8
A7: Jharkhand | B7: 1
A8: Karnataka | B8: 28
A9: Madhya Pradesh | B9: 3
A10: Maharashtra | B10: 16
A11: Odisha | B11: 1
A12: Punjab | B12: 4
A13: Rajasthan | B13: 3
... A18: West Bengal | B18: 5

Sheet problem_statement_2.1
A1: Analysis of Returned Parcels by Region
A3: Count of Status | B3: Column Labels
A4: Row Labels | B4: Delivered | C4: Returned | D4: Grand Total
A5: Agra | B5: 1 | C5: 0 | D5: 1
A6: Aligarh | B6: 1 | C6: 0 | D6: 1
A7: Allahabad | B7: 1 | C7: 0 | D7: 1
A8: Alwar | B8: 1 | C8: 0 | D8: 1
A9: Amritsar | B9: 1 | C9: 0 | D9: 1
A10: Ankleshwar | B10: 1 | C10: 0 | D10: 1
A11: Auraiya | B11: 1 | C11: 0 | D11: 1
A12: Baharaich | B12: 1 | C12: 0 | D12: 1
A13: Banda | B13: 1 | C13: 0 | D13: 1
A14: Bangalore | B14: 1 | C14: 0 | D14: 1
A15: Bhilai | B15: 1 | C15: 0 | D15: 1
A16: Bhopal | B16: 1 | C16: 0 | D16: 1
... A58: Grand Total | B58: 0.99111111 | C58: 0.0088888889 | D58: 1

Sheet problem_statement_2.3
A1: Analysis of Returned Parcels by Service Type
A3: Count of Status | B3: Column Labels
A4: Row Labels | B4: Delivered | C4: Returned | D4: Grand Total
A5: Express | B5: 1 | C5: 0 | D5: 1
A6: Standard | B6: 0.98994975 | C6: 0.010050251 | D6: 1
A7: Grand Total | B7: 0.99111111 | C7: 0.0088888889 | D7: 1

Sheet avg_del_time
A1: Reciever's Location | B1: Average Delivery Time
A2: {=_xlfn.UNIQUE(original_data!$H$2:$H$226,FALSE,FALSE)} -> Hyderabad | B2: =VLOOKUP(A2,original_data!H1:O226,7,FALSE) -> 2.2
A3: Delhi | B3: =VLOOKUP(A3,original_data!H2:O227,7,FALSE) -> 1.7
A4: Ghaziabad | B4: =VLOOKUP(A4,original_data!H3:O228,7,FALSE) -> 2.1428571
A5: Noida | B5: =VLOOKUP(A5,original_data!H4:O229,7,FALSE) -> 2.0555556
A6: Lucknow | B6: =VLOOKUP(A6,original_data!H5:O230,7,FALSE) -> 2.4067797
A7: Forbesganj | B7: =VLOOKUP(A7,original_data!H6:O231,7,FALSE) -> 2
A8: Agra | B8: =VLOOKUP(A8,original_data!H7:O232,7,FALSE) -> 2
A9: Mumbai | B9: =VLOOKUP(A9,original_data!H8:O233,7,FALSE) -> 3.4
A10: Baharaich | B10: =VLOOKUP(A10,original_data!H9:O234,7,FALSE) -> 4
A11: Bangalore | B11: =VLOOKUP(A11,original_data!H10:O235,7,FALSE) -> 3.5185185
A12: Pune | B12: =VLOOKUP(A12,original_data!H11:O236,7,FALSE) -> 3.6
A13: Madurai | B13: =VLOOKUP(A13,original_data!H12:O237,7,FALSE) -> 3
A14: Allahabad | B14: =VLOOKUP(A14,original_data!H13:O238,7,FALSE) -> 1.5
... A54: Gorakhpur | B54: =VLOOKUP(A54,original_data!H53:O278,7,FALSE) -> 3
B55: =VLOOKUP(A55,original_data!H54:O279,7,FALSE) -> #N/A

Sheet delayed_parcels
A1: On Time/Delayed | B1: Delayed
A3: Row Labels | B3: Count of Tracking Number
A4: Allahabad | B4: 1
A5: Bangalore | B5: 12
A6: Dehradun | B6: 1
A7: Delhi | B7: 19
A8: Ghaziabad | B8: 2
A9: Gurgaon | B9: 1
A10: Hyderabad | B10: 1
A11: Kolkata | B11: 2
A12: Lucknow | B12: 27
A13: Mumbai | B13: 4
A14: Noida | B14: 4
A15: Pune | B15: 2
... A17: Grand Total | B17: 77

Sheet %delayed_parcels_by_region
A1: Reciever's Location | B1: Total no. of parcels sent | C1: No.of delayed parcels | D1: Delay Rate
A2: {=_xlfn.UNIQUE(original_data!H2:H226,FALSE,FALSE)} -> Hyderabad | B2: =COUNTIF(original_data!H:H,'%delayed_parcels_by_region'!A2) -> 5 | C2: =VLOOKUP(A2,delayed_parcels!$A$4:$B$16,2,FALSE) -> 1 | D2: =C2/B2 -> 0.2
A3: Delhi | B3: =COUNTIF(original_data!H:H,'%delayed_parcels_by_region'!A3) -> 30 | C3: =VLOOKUP(A3,delayed_parcels!$A$4:$B$16,2,FALSE) -> 19 | D3: =C3/B3 -> 0.63333333
A4: Ghaziabad | B4: =COUNTIF(original_data!H:H,'%delayed_parcels_by_region'!A4) -> 7 | C4: =VLOOKUP(A4,delayed_parcels!$A$4:$B$16,2,FALSE) -> 2 | D4: =C4/B4 -> 0.28571429
A5: Noida | B5: =COUNTIF(original_data!H:H,'%delayed_parcels_by_region'!A5) -> 19 | C5: =VLOOKUP(A5,delayed_parcels!$A$4:$B$16,2,FALSE) -> 4 | D5: =C5/B5 -> 0.21052632
A6: Lucknow | B6: =COUNTIF(original_data!H:H,'%delayed_parcels_by_region'!A6) -> 59 | C6: =VLOOKUP(A6,delayed_parcels!$A$4:$B$16,2,FALSE) -> 27 | D6: =C6/B6 -> 0.45762712
A7: Forbesganj | B7: =COUNTIF(original_data!H:H,'%delayed_parcels_by_region'!A7) -> 1 | C7: =VLOOKUP(A7,delayed_parcels!$A$4:$B$16,2,FALSE) -> #N/A | D7: =C7/B7 -> #N/A
A8: Agra | B8: =COUNTIF(original_data!H:H,'%delayed_parcels_by_region'!A8) -> 2 | C8: =VLOOKUP(A8,delayed_parcels!$A$4:$B$16,2,FALSE) -> #N/A | D8: =C8/B8 -> #N/A
A9: Mumbai | B9: =COUNTIF(original_data!H:H,'%delayed_parcels_by_region'!A9) -> 10 | C9: =VLOOKUP(A9,delayed_parcels!$A$4:$B$16,2,FALSE) -> 4 | D9: =C9/B9 -> 0.4
A10: Baharaich | B10: =COUNTIF(original_data!H:H,'%delayed_parcels_by_region'!A10) -> 1 | C10: =VLOOKUP(A10,delayed_parcels!$A$4:$B$16,2,FALSE) -> #N/A | D10: =C10/B10 -> #N/A
A11: Bangalore | B11: =COUNTIF(original_data!H:H,'%delayed_parcels_by_region'!A11) -> 27 | C11: =VLOOKUP(A11,delayed_parcels!$A$4:$B$16,2,FALSE) -> 12 | D11: =C11/B11 -> 0.44444444
A12: Pune | B12: =COUNTIF(original_data!H:H,'%delayed_parcels_by_region'!A12) -> 5 | C12: =VLOOKUP(A12,delayed_parcels!$A$4:$B$16,2,FALSE) -> 2 | D12: =C12/B12 -> 0.4
A13: Madurai | B13: =COUNTIF(original_data!H:H,'%delayed_parcels_by_region'!A13) -> 1 | C13: =VLOOKUP(A13,delayed_parcels!$A$4:$B$16,2,FALSE) -> #N/A | D13: =C13/B13 -> #N/A
A14: Allahabad | B14: =COUNTIF(original_data!H:H,'%delayed_parcels_by_region'!A14) -> 4 | C14: =VLOOKUP(A14,delayed_parcels!$A$4:$B$16,2,FALSE) -> 1 | D14: =C14/B14 -> 0.25
... A54: Gorakhpur | B54: =COUNTIF(original_data!H:H,'%delayed_parcels_by_region'!A54) -> 1 | C54: =VLOOKUP(A54,delayed_parcels!$A$4:$B$16,2,FALSE) -> #N/A | D54: =C54/B54 -> #N/A
B55: =COUNTIF(original_data!H:H,'%delayed_parcels_by_region'!A55) -> 0 | C55: =VLOOKUP(A55,delayed_parcels!$A$4:$B$16,2,FALSE) -> #N/A | D55: =C55/B55 -> #N/A
C57: 0.2 | D57: =MAX(C57:C69) -> 0.5
D58: =MAX(C57:C69) -> 0.5
C59: 0.28571429
C60: 0.21052632
C61: 0.45762712
C62: 0.4
C63: 0.44444444
C64: 0.4
C65: 0.25
C66: 0.33333333
C67: 0.4
C68: 0.16666667
C69: 0.5

Sheet standard_or_express
A1: Row Labels | B1: Count of Tracking Number
A2: Express | B2: 0.11555556
A3: Standard | B3: 0.88444444
A4: Grand Total | B4: 1

Sheet parcel_weights
A1: Row Labels | B1: Count of Tracking Number
A2: Less than 5 kgs | B2: 0.92
A3: More than 5 kgs | B3: 0.08
A4: Grand Total | B4: 1

Sheet parcel_weights vs revenue
A1: Row Labels | B1: Sum of Transaction Amount
A2: Less than 5 kgs | B2: 0.75024957
A3: More than 5 kgs | B3: 0.24975043
A4: Grand Total | B4: 1

Sheet parcel weight vs delivery time
A1: Row Labels | B1: Count of Tracking Number | C1: Sum of Average deivery Time(Days) | D1: Average per Parcel
A2: Less than 5 kgs | B2: 207 | C2: 563.3001 | D2: =GETPIVOTDATA("Sum of Average deivery Time(Days)",$A$1,"Parcel weight","Less than 5 kgs")/GETPIVOTDATA("Count of Tracking Number",$A$1,"Parcel weight","Less than 5 kgs") -> 2.7212565
A3: More than 5 kgs | B3: 18 | C3: 53.755457 | D3: =GETPIVOTDATA("Sum of Average deivery Time(Days)",$A$1,"Parcel weight","More than 5 kgs")/GETPIVOTDATA("Count of Tracking Number",$A$1,"Parcel weight","More than 5 kgs") -> 2.9864143
A4: Grand Total | B4: 225 | C4: 617.05556 | D4: =D2+D3 -> 5.7076708

Sheet Sheet2
A1: Row Labels | B1: Sum of Transaction Amount | C1: Count of Tracking Number
A2: Agra | B2: 320 | C2: 2 | D2: 320 | E2: 2 | F2: =D2/E2 -> 160
A3: Aligarh | B3: 1050 | C3: 1 | D3: 1050 | E3: 1 | F3: =D3/E3 -> 1050
A4: Allahabad | B4: 830 | C4: 4 | D4: 830 | E4: 4 | F4: =D4/E4 -> 207.5
A5: Alwar | B5: 350 | C5: 1 | D5: 350 | E5: 1 | F5: =D5/E5 -> 350
A6: Amritsar | B6: 450 | C6: 1 | D6: 450 | E6: 1 | F6: =D6/E6 -> 450
A7: Ankleshwar | B7: 250 | C7: 1 | D7: 250 | E7: 1 | F7: =D7/E7 -> 250
A8: Auraiya | B8: 210 | C8: 1 | D8: 210 | E8: 1 | F8: =D8/E8 -> 210
A9: Baharaich | B9: 270 | C9: 1 | D9: 270 | E9: 1 | F9: =D9/E9 -> 270
A10: Banda | B10: 970 | C10: 1 | D10: 970 | E10: 1 | F10: =D10/E10 -> 970
A11: Bangalore | B11: 5940 | C11: 27 | D11: 5940 | E11: 27 | F11: =D11/E11 -> 220
A12: Bhilai | B12: 150 | C12: 1 | D12: 150 | E12: 1 | F12: =D12/E12 -> 150
A13: Bhopal | B13: 540 | C13: 1 | D13: 540 | E13: 1 | F13: =D13/E13 -> 540
... A54: Varanasi | B54: 400 | C54: 3 | D54: 400 | E54: 3 | F54: =D54/E54 -> 133.33333
A55: Grand Total | B55: 55095 | C55: 225 | D55: =GETPIVOTDATA("Sum of Transaction Amount",$A$1,"Receiver's Location","Agra")/GETPIVOTDATA("Count of Tracking Number",$A$1,"Receiver's Location","Agra") -> 160

Sheet peak_weekday
A1: Row Labels | B1: Count of Weekday
A2: Sunday | B2: 0.013333333
A3: Monday | B3: 0.28
A4: Tuesday | B4: 0.084444444
A5: Wednesday | B5: 0.12444444
A6: Thursday | B6: 0.10222222
A7: Friday | B7: 0.19555556
A8: Saturday | B8: 0.2
A9: Grand Total | B9: 1

Sheet original_data
A1: Date of Transaction | B1: Month of Transaction | C1: Tracking Number | D1: Service Type | E1: Status | F1: Transaction Amount | G1: Sender's Location | H1: Receiver's Location | I1: Parcel weight | J1: Parcel type | K1: Date of Delivery | L1: Date of Return | M1: Delivery Time(Days) | N1: Average deivery Time(Days) | O1: On Time/Delayed | P1: Weekday
A2: 45566 | B2: =TEXT(A2,"mmmm-yyyy") -> October-2024 | C2: V85748809 | D2: Express | E2: Delivered | F2: 680 | G2: Kanpur | H2: Hyderabad | I2: Less than 5 kgs | J2: N.A. | K2: 45568 | L2: N.A. | M2: =IF(E2="Delivered",K2-A2,"") -> 2 | N2: =AVERAGEIF(H:H,H2,M:M) -> 2.2 | O2: =IF(M2>N2,"Delayed","On Time") -> On Time | P2: Tuesday
A3: 45566 | B3: =TEXT(A3,"mmmm-yyyy") -> October-2024 | C3: V85748810 | D3: Express | E3: Delivered | F3: 310 | G3: Kanpur | H3: Delhi | I3: Less than 5 kgs | J3: N.A. | K3: 45568 | L3: N.A. | M3: =IF(E3="Delivered",K3-A3,"") -> 2 | N3: =AVERAGEIF(H:H,H3,M:M) -> 1.7 | O3: =IF(M3>N3,"Delayed","On Time") -> Delayed | P3: Tuesday
A4: 45568 | B4: =TEXT(A4,"mmmm-yyyy") -> October-2024 | C4: U32167711 | D4: Standard | E4: Delivered | F4: 320 | G4: Kanpur | H4: Ghaziabad | I4: Less than 5 kgs | J4: Eatables | K4: 45572 | L4: N.A. | M4: =IF(E4="Delivered",K4-A4,"") -> 4 | N4: =AVERAGEIF(H:H,H4,M:M) -> 2.1428571 | O4: =IF(M4>N4,"Delayed","On Time") -> Delayed | P4: Thursday
A5: 45568 | B5: =TEXT(A5,"mmmm-yyyy") -> October-2024 | C5: U32167712 | D5: Standard | E5: Returned | F5: 140 | G5: Kanpur | H5: Noida | I5: Less than 5 kgs | J5: N.A. | K5: 45580 | L5: 45604 | M5: N.A. | N5: =AVERAGEIF(H:H,H5,M:M) -> 2.0555556 | O5: N.A. | P5: Thursday
A6: 45568 | B6: =TEXT(A6,"mmmm-yyyy") -> October-2024 | C6: U32167713 | D6: Standard | E6: Delivered | F6: 150 | G6: Kanpur | H6: Noida | I6: Less than 5 kgs | J6: N.A. | K6: 45570 | L6: N.A. | M6: =IF(E6="Delivered",K6-A6,"") -> 2 | N6: =AVERAGEIF(H:H,H6,M:M) -> 2.0555556 | O6: =IF(M6>N6,"Delayed","On Time") -> On Time | P6: Thursday
A7: 45568 | B7: =TEXT(A7,"mmmm-yyyy") -> October-2024 | C7: U32167714 | D7: Standard | E7: Delivered | F7: 100 | G7: Kanpur | H7: Lucknow | I7: Less than 5 kgs | J7: N.A. | K7: 45570 | L7: N.A. | M7: =IF(E7="Delivered",K7-A7,"") -> 2 | N7: =AVERAGEIF(H:H,H7,M:M) -> 2.4067797 | O7: =IF(M7>N7,"Delayed","On Time") -> On Time | P7: Thursday
A8: 45568 | B8: =TEXT(A8,"mmmm-yyyy") -> October-2024 | C8: U32167715 | D8: Standard | E8: Delivered | F8: 350 | G8: Kanpur | H8: Forbesganj | I8: Less than 5 kgs | J8: Clothes | K8: 45570 | L8: N.A. | M8: =IF(E8="Delivered",K8-A8,"") -> 2 | N8: =AVERAGEIF(H:H,H8,M:M) -> 2 | O8: =IF(M8>N8,"Delayed","On Time") -> On Time | P8: Thursday
A9: 45568 | B9: =TEXT(A9,"mmmm-yyyy") -> October-2024 | C9: U32167717 | D9: Standard | E9: Delivered | F9: 230 | G9: Kanpur | H9: Agra | I9: Less than 5 kgs | J9: N.A. | K9: 45570 | L9: N.A. | M9: =IF(E9="Delivered",K9-A9,"") -> 2 | N9: =AVERAGEIF(H:H,H9,M:M) -> 2 | O9: =IF(M9>N9,"Delayed","On Time") -> On Time | P9: Thursday
A10: 45568 | B10: =TEXT(A10,"mmmm-yyyy") -> October-2024 | C10: U32167718 | D10: Standard | E10: Delivered | F10: 720 | G10: Kanpur | H10: Mumbai | I10: Less than 5 kgs | J10: N.A. | K10: 45572 | L10: N.A. | M10: =IF(E10="Delivered",K10-A10,"") -> 4 | N10: =AVERAGEIF(H:H,H10,M:M) -> 3.4 | O10: =IF(M10>N10,"Delayed","On Time") -> Delayed | P10: Thursday
A11: 45568 | B11: =TEXT(A11,"mmmm-yyyy") -> October-2024 | C11: U32167719 | D11: Standard | E11: Delivered | F11: 90 | G11: Kanpur | H11: Agra | I11: Less than 5 kgs | J11: N.A. | K11: 45570 | L11: N.A. | M11: =IF(E11="Delivered",K11-A11,"") -> 2 | N11: =AVERAGEIF(H:H,H11,M:M) -> 2 | O11: =IF(M11>N11,"Delayed","On Time") -> On Time | P11: Thursday
A12: 45568 | B12: =TEXT(A12,"mmmm-yyyy") -> October-2024 | C12: V85748812 | D12: Express | E12: Delivered | F12: 270 | G12: Kanpur | H12: Baharaich | I12: Less than 5 kgs | J12: N.A. | K12: 45572 | L12: N.A. | M12: =IF(E12="Delivered",K12-A12,"") -> 4 | N12: =AVERAGEIF(H:H,H12,M:M) -> 4 | O12: =IF(M12>N12,"Delayed","On Time") -> On Time | P12: Thursday
A13: 45568 | B13: =TEXT(A13,"mmmm-yyyy") -> October-2024 | C13: V85748813 | D13: Express | E13: Delivered | F13: 500 | G13: Kanpur | H13: Delhi | I13: Less than 5 kgs | J13: Passport | K13: 45569 | L13: N.A. | M13: =IF(E13="Delivered",K13-A13,"") -> 1 | N13: =AVERAGEIF(H:H,H13,M:M) -> 1.7 | O13: =IF(M13>N13,"Delayed","On Time") -> On Time | P13: Thursday
A14: 45569 | B14: =TEXT(A14,"mmmm-yyyy") -> October-2024 | C14: D93994451 | D14: Standard | E14: Delivered | F14: 480 | G14: Kanpur | H14: Lucknow | I14: More than 5 kgs | J14: Clothes | K14: 45572 | L14: N.A. | M14: =IF(E14="Delivered",K14-A14,"") -> 3 | N14: =AVERAGEIF(H:H,H14,M:M) -> 2.4067797 | O14: =IF(M14>N14,"Delayed","On Time") -> Delayed | P14: Friday
A15: 45569 | B15: =TEXT(A15,"mmmm-yyyy") -> October-2024 | C15: U32167716 | D15: Standard | E15: Delivered | F15: 90 | G15: Kanpur | H15: Lucknow | I15: Less than 5 kgs | J15: N.A. | K15: 45572 | L15: N.A. | M15: =IF(E15="Delivered",K15-A15,"") -> 3 | N15: =AVERAGEIF(H:H,H15,M:M) -> 2.4067797 | O15: =IF(M15>N15,"Delayed","On Time") -> Delayed | P15: Friday
A16: 45569 | B16: =TEXT(A16,"mmmm-yyyy") -> October-2024 | C16: U32167720 | D16: Standard | E16: Delivered | F16: 140 | G16: Kanpur | H16: Bangalore | I16: Less than 5 kgs | J16: N.A. | K16: 45571 | L16: N.A. | M16: =IF(E16="Delivered",K16-A16,"") -> 2 | N16: =AVERAGEIF(H:H,H16,M:M) -> 3.5185185 | O16: =IF(M16>N16,"Delayed","On Time") -> On Time | P16: Friday
A17: 45569 | B17: =TEXT(A17,"mmmm-yyyy") -> October-2024 | C17: U32167721 | D17: Standard | E17: Delivered | F17: 140 | G17: Kanpur | H17: Bangalore | I17: Less than 5 kgs | J17: N.A. | K17: 45571 | L17: N.A. | M17: =IF(E17="Delivered",K17-A17,"") -> 2 | N17: =AVERAGEIF(H:H,H17,M:M) -> 3.5185185 | O17: =IF(M17>N17,"Delayed","On Time") -> On Time | P17: Friday
... A220: 45590 | B220: =TEXT(A220,"mmmm-yyyy") -> October-2024 | C220: U32594100 | D220: Standard | E220: Delivered | F220: 210 | G220: Kanpur | H220: Auraiya | I220: Less than 5 kgs | J220: N.A. | K220: 45593 | L220: N.A. | M220: =IF(E220="Delivered",K220-A220,"") -> 3 | N220: =AVERAGEIF(H:H,H220,M:M) -> 3 | O220: =IF(M220>N220,"Delayed","On Time") -> On Time | P220: Friday
A221: 45591 | B221: =TEXT(A221,"mmmm-yyyy") -> October-2024 | C221: U32594101 | D221: Standard | E221: Returned | F221: 360 | G221: Kanpur | H221: Jhajjar | I221: Less than 5 kgs | J221: N.A. | K221: 45594 | L221: 45610 | M221: N.A. | N221: N.A. | O221: N.A. | P221: Saturday
A222: 45591 | B222: =TEXT(A222,"mmmm-yyyy") -> October-2024 | C222: U32594102 | D222: Standard | E222: Delivered | F222: 150 | G222: Kanpur | H222: Delhi | I222: Less than 5 kgs | J222: N.A. | K222: 45594 | L222: N.A. | M222: =IF(E222="Delivered",K222-A222,"") -> 3 | N222: =AVERAGEIF(H:H,H222,M:M) -> 1.7 | O222: =IF(M222>N222,"Delayed","On Time") -> Delayed | P222: Saturday
A223: 45591 | B223: =TEXT(A223,"mmmm-yyyy") -> October-2024 | C223: U32594103 | D223: Standard | E223: Delivered | F223: 120 | G223: Kanpur | H223: Gurgaon | I223: Less than 5 kgs | J223: Pooja Accessories | K223: 45594 | L223: N.A. | M223: =IF(E223="Delivered",K223-A223,"") -> 3 | N223: =AVERAGEIF(H:H,H223,M:M) -> 2.1666667 | O223: =IF(M223>N223,"Delayed","On Time") -> Delayed | P223: Saturday
A224: 45591 | B224: =TEXT(A224,"mmmm-yyyy") -> October-2024 | C224: U32594104 | D224: Standard | E224: Delivered | F224: 150 | G224: Kanpur | H224: Noida | I224: Less than 5 kgs | J224: Clothes | K224: 45593 | L224: N.A. | M224: =IF(E224="Delivered",K224-A224,"") -> 2 | N224: =AVERAGEIF(H:H,H224,M:M) -> 2.0555556 | O224: =IF(M224>N224,"Delayed","On Time") -> On Time | P224: Saturday
A225: 45593 | B225: =TEXT(A225,"mmmm-yyyy") -> October-2024 | C225: V85940514 | D225: Express | E225: Delivered | F225: 250 | G225: Kanpur | H225: Noida | I225: Less than 5 kgs | J225: N.A. | K225: 45595 | L225: N.A. | M225: =IF(E225="Delivered",K225-A225,"") -> 2 | N225: =AVERAGEIF(H:H,H225,M:M) -> 2.0555556 | O225: =IF(M225>N225,"Delayed","On Time") -> On Time | P225: Monday
A226: 45595 | B226: =TEXT(A226,"mmmm-yyyy") -> October-2024 | C226: V85940515 | D226: Express | E226: Delivered | F226: 240 | G226: Kanpur | H226: Gorakhpur | I226: Less than 5 kgs | J226: N.A. | K226: 45598 | L226: N.A. | M226: =IF(E226="Delivered",K226-A226,"") -> 3 | N226: =AVERAGEIF(H:H,H226,M:M) -> 3 | O226: =IF(M226>N226,"Delayed","On Time") -> On Time | P226: Wednesday

Sheet Sheet4
A1: On Time/Delayed | B1: Delivered/Returned
A2: On Time | B2: Delivered
A3: Delayed | B3: Delivered
A4: Delayed | B4: Delivered
A5: N.A. | B5: Returned
A6: On Time | B6: Delivered
A7: On Time | B7: Delivered
A8: On Time | B8: Delivered
A9: On Time | B9: Delivered
A10: Delayed | B10: Delivered
A11: On Time | B11: Delivered
A12: On Time | B12: Delivered
... A226: On Time | B226: Delivered

Sheet service_type vs revenue
A1: Row Labels | B1: Sum of Transaction Amount
A2: Express | B2: 0.22914965
A3: Standard | B3: 0.77085035
A4: Grand Total | B4: 1
B6: =GETPIVOTDATA("Transaction Amount",$A$1,"Service Type","Express")/GETPIVOTDATA("Transaction Amount",$A$1) -> 0.22914965
B7: =GETPIVOTDATA("Transaction Amount",$A$1,"Service Type","Standard")/GETPIVOTDATA("Transaction Amount",$A$1) -> 0.77085035

Sheet Sheet1
A2: Row Labels | B2: Sum of Transaction Amount
A3: 45566 | B3: 990
A4: 45568 | B4: 2870
A5: 45569 | B5: 4740
A6: 45570 | B6: 8140
A7: 45571 | B7: 260
A8: 45572 | B8: 6355
A9: 45573 | B9: 1400
A10: 45574 | B10: 2410
A11: 45575 | B11: 1720
A12: 45576 | B12: 920
A13: 45577 | B13: 1960
A14: 45578 | B14: 170
... A27: 45595 | B27: 240
A28: Grand Total | B28: 55095

Sheet Sheet3
A1: Open_Route_Service_API_Results
A2: Destination | B2: Distance (km) | C2: Travel Time (hrs)
A3: Delhi | B3: 466.8 | C3: ~6.0
A4: Surat | B4: 1163.2 | C4: ~14.0
A5: Lucknow | B5: 86.8 | C5: ~1.0
A6: Banglore | B6: 1787 | C6: ~22.0
